{
    "CODCTI0202GGR2____GEN_____": {
        "h": 1.75,
        "S": 250.0
    },
    "CODCTI0201GGR1____GEN_____": {
        "h": 1.75,
        "S": 250.0
    },
    "SELCTI0201GGR1____GEN_____": {
        "h": 1.75,
        "S": 250.0
    },
    "SELCTI0202GGR2____GEN_____": {
        "h": 1.75,
        "S": 250.0
    },
    "ECOCZI0153GGR3____GEN_____": {
        "h": 3.75,
        "S": 21.299999237060547
    },
    "ECOCZI0152GGR4____GEN_____": {
        "h": 3.75,
        "S": 21.299999237060547
    },
    "ECOCZI0101GGR5____GEN_____": {
        "h": 3.75,
        "S": 5.0
    },
    "ECOCZI0154GGR2____GEN_____": {
        "h": 3.75,
        "S": 93.30000305175781
    },
    "ECOCZI0155GGR1____GEN_____": {
        "h": 3.75,
        "S": 93.30000305175781
    },
    "BMSC_I0151GGR1____GEN_____": {
        "h": 3.75,
        "S": 16.399999618530273
    },
    "BNFC_I0601GGR1____GEN_____": {
        "h": 3.0,
        "S": 600.0
    },
    "ASSCPI0152GGR2____GEN_____": {
        "h": 6.5,
        "S": 109.0
    },
    "ASSCPI0151GGR1____GEN_____": {
        "h": 6.5,
        "S": 109.0
    },
    "FL2CZI0101GGR1____GEN_____": {
        "h": 3.75,
        "S": 12.800000190734863
    },
    "FL2CZI0102GGR2____GEN_____": {
        "h": 3.75,
        "S": 12.800000190734863
    },
    "FL2CZI0103GGR3____GEN_____": {
        "h": 3.75,
        "S": 12.800000190734863
    },
    "FSACTI0201GGR3____GEN_____": {
        "h": 2.9000000953674316,
        "S": 370.0
    },
    "FSACTI0202GGR4____GEN_____": {
        "h": 2.9000000953674316,
        "S": 370.0
    },
    "SLXCZI0153GGR3____GEN_____": {
        "h": 5.369999885559082,
        "S": 237.0
    },
    "SLXCZI0151GGR1____GEN_____": {
        "h": 5.369999885559082,
        "S": 237.0
    },
    "SLXCZI0152GGR2____GEN_____": {
        "h": 5.369999885559082,
        "S": 237.0
    },
    "SLXCZI0101GGR1____GEN_____": {
        "h": 6.5,
        "S": 14.0
    },
    "SLXCZI0103GGR3____GEN_____": {
        "h": 6.5,
        "S": 20.0
    },
    "SLXCZI0104GGR4____GEN_____": {
        "h": 6.5,
        "S": 22.799999237060547
    },
    "TALCTI0105GGR5____GEN_____": {
        "h": 3.75,
        "S": 26.0
    },
    "TALCTI0103GGR3____GEN_____": {
        "h": 3.750000238418579,
        "S": 95.0
    },
    "TALCTI0101GGR1____GEN_____": {
        "h": 3.750000238418579,
        "S": 95.0
    },
    "TALCTI0102GGR2____GEN_____": {
        "h": 3.750000238418579,
        "S": 95.0
    },
    "TALCTI0104GGR4____GEN_____": {
        "h": 3.75,
        "S": 26.0
    },
    "SULCTI0203GGR3____GEN_____": {
        "h": 4.25,
        "S": 290.0
    },
    "SULCTI0202GGR2____GEN_____": {
        "h": 4.418000221252441,
        "S": 410.0
    },
    "COGCZI0151GGR1____GEN_____": {
        "h": 3.75,
        "S": 26.0
    },
    "CWFC_I0101GGR1____GEN_____": {
        "h": 3.75,
        "S": 16.200000762939453
    },
    "FL3CZI0101GGR1____GEN_____": {
        "h": 3.75,
        "S": 6.599999904632568
    },
    "FL3CZI0102GGR2____GEN_____": {
        "h": 3.75,
        "S": 6.599999904632568
    },
    "OZICZI0151GGR1____GEN_____": {
        "h": 3.750000238418579,
        "S": 12.0
    },
    "TIRC_I0101GGR2____GEN_____": {
        "h": 3.750000238418579,
        "S": 4.699999809265137
    },
    "TIRC_I0151GGR1____GEN_____": {
        "h": 3.750000238418579,
        "S": 23.0
    },
    "TA2CPI0101GGR1____GEN_____": {
        "h": 3.75,
        "S": 16.0
    },
    "TA2CPI0102GGR2____GEN_____": {
        "h": 3.75,
        "S": 16.0
    },
    "UVICTI0102GGR2____GEN_____": {
        "h": 3.75,
        "S": 1.600000023841858
    },
    "UVICTI0102GGR1____GEN_____": {
        "h": 3.75,
        "S": 17.5
    },
    "FL1CZI0101GGR1____GEN_____": {
        "h": 3.75,
        "S": 5.5
    },
    "FL1CZI0102GGR2____GEN_____": {
        "h": 3.75,
        "S": 5.5
    },
    "RASCZI0151GGR2____GEN_____": {
        "h": 6.5,
        "S": 35.0
    },
    "RASCZI0151GGR1____GEN_____": {
        "h": 6.5,
        "S": 35.0
    },
    "TA3CPI0101GGR1____GEN_____": {
        "h": 3.75,
        "S": 7.0
    },
    "SMICDI0101GGR1____GEN_____": {
        "h": 3.75,
        "S": 32.0
    },
    "BMAC_I0101GGR1____GEN_____": {
        "h": 3.75,
        "S": 28.5
    }
}